INSERT INTO CUSTOMERS (ID, NAME, CREATE_DATE) VALUES (1, 'Ahmet',  CURRENT_TIMESTAMP);
INSERT INTO CUSTOMERS (ID, NAME, CREATE_DATE) VALUES (2, 'Mehmet',  CURRENT_TIMESTAMP);
INSERT INTO CUSTOMERS (ID, NAME, CREATE_DATE) VALUES (3, 'Ali',  CURRENT_TIMESTAMP);
INSERT INTO CUSTOMERS (ID, NAME, CREATE_DATE) VALUES (4, 'Can',  CURRENT_TIMESTAMP);
INSERT INTO CUSTOMERS (ID, NAME, CREATE_DATE) VALUES (5, 'Yılmaz',  CURRENT_TIMESTAMP);

INSERT INTO ORDERS (CUSTOMER_ID, PRODUCT_NAME, PRICE) VALUES (1, 'Laptop', 1000);
INSERT INTO ORDERS (CUSTOMER_ID, PRODUCT_NAME, PRICE) VALUES (1, 'Mobile', 1500);
INSERT INTO ORDERS (CUSTOMER_ID, PRODUCT_NAME, PRICE) VALUES (1, 'LCD Monitor', 300);

INSERT INTO ORDERS (CUSTOMER_ID, PRODUCT_NAME, PRICE) VALUES (2, 'Laptop', 1100);
INSERT INTO ORDERS (CUSTOMER_ID, PRODUCT_NAME, PRICE) VALUES (2, 'Mobile', 1650);
INSERT INTO ORDERS (CUSTOMER_ID, PRODUCT_NAME, PRICE) VALUES (2, 'LCD Monitor', 330);

INSERT INTO ORDERS (CUSTOMER_ID, PRODUCT_NAME, PRICE) VALUES (3, 'Laptop', 2000);
INSERT INTO ORDERS (CUSTOMER_ID, PRODUCT_NAME, PRICE) VALUES (3, 'Mobile', 2200);

INSERT INTO ORDERS (CUSTOMER_ID, PRODUCT_NAME, PRICE) VALUES (3, 'Sofa', 2000);
INSERT INTO ORDERS (CUSTOMER_ID, PRODUCT_NAME, PRICE) VALUES (3, 'Printer', 700);

INSERT INTO    NOTIFICATION    (ID, CONTENT, FIRST_NAME, LAST_NAME) VALUES    (1, 'Yaz indirimi', 'Ali', 'ALİOĞLU');
INSERT INTO     SMS_NOTIFICATION     (PHONE_NUMBER, ID)  VALUES     ('05320000000', 1);

INSERT INTO    NOTIFICATION    (ID, CONTENT, FIRST_NAME, LAST_NAME) VALUES    (2, 'Bedava internet', 'Veli', 'VELİOĞLU');
INSERT INTO     SMS_NOTIFICATION     (PHONE_NUMBER, ID)  VALUES     ('05420000000', 2);

INSERT INTO    NOTIFICATION    (ID, CONTENT, FIRST_NAME, LAST_NAME) VALUES    (3, 'Java Etkinliği', 'Ahmet', 'AHMETOĞLU');
INSERT INTO     EMAIL_NOTIFICATION     (EMAIL, ID)  VALUES     ('ahmet@ahmetoglu.com', 3);

INSERT INTO GAME(CREATE_DATE,NAME, DESCRIPTION, LEAGUE_ID, PLAYED, POSTPONED, ROUND_NO, SESSION_ID) VALUES ( CURRENT_TIMESTAMP, 'MAFIA','game takes a few months at an hour a day', 12, true, true, 5, 123);
INSERT INTO GAME(CREATE_DATE,NAME, DESCRIPTION, LEAGUE_ID, PLAYED, POSTPONED, ROUND_NO, SESSION_ID) VALUES ( CURRENT_TIMESTAMP, 'PUBG MOBILE','survival mobile game', 1, false, false, 2, 222);


INSERT INTO CAR (ID, MODEL_NAME, MODEL_YEAR, CREATE_DATE) VALUES (1, 'Ford', 2020, CURRENT_TIMESTAMP);
INSERT INTO CAR (ID, MODEL_NAME, MODEL_YEAR, CREATE_DATE) VALUES (2, 'Opel',2010,  CURRENT_TIMESTAMP);
INSERT INTO CAR (ID, MODEL_NAME, MODEL_YEAR, CREATE_DATE) VALUES (3, 'Renault',2000,  CURRENT_TIMESTAMP);
INSERT INTO CAR (ID, MODEL_NAME, MODEL_YEAR, CREATE_DATE) VALUES (4, 'BMW',2019,  CURRENT_TIMESTAMP);
INSERT INTO CAR (ID, MODEL_NAME, MODEL_YEAR, CREATE_DATE) VALUES (5, 'Volvo',2021,  CURRENT_TIMESTAMP);

INSERT INTO NEWS (ID, TITLE, CATEGORY_NAME, DESCRIPTION) VALUES (1, 'Bir istifa daha','siyaset','Ekonomi bakanı istifa etti');
INSERT INTO NEWS (ID, TITLE, CATEGORY_NAME, DESCRIPTION) VALUES (2, 'dolar düştü','ekonomi','Ekonomi bakanı istifa etti dolar düşüşe geçti');
INSERT INTO NEWS (ID, TITLE, CATEGORY_NAME, DESCRIPTION) VALUES (3, 'Teknoloji hamlesi','teknoloji','daha çok inşaat, daha çok AR-GE');
INSERT INTO NEWS (ID, TITLE, CATEGORY_NAME, DESCRIPTION) VALUES (4, 'ev fiyatları uçtu','ekonomi','Dolar,euro, altın düşüyor ancak ev fiyatları yükseliyor');
